run,total_ms,keygen_ms,handshake_ms,total_cycles,peak_heap_bytes,peak_heap_kb,payload_bytes
1,584.28,302.22,282.06,95122895,440,0.43,2417
2,530.21,301.08,229.13,86471389,20,0.02,2417
3,530.11,302.36,227.75,86455475,28,0.03,2417
4,575.67,301.82,273.85,93745119,0,0.00,2417
5,544.34,302.54,241.81,88733253,20,0.02,2417
6,540.22,302.58,237.64,88072675,16,0.02,2417
7,531.10,301.76,229.34,86613855,20,0.02,2417
8,533.99,300.33,233.66,87076661,20,0.02,2417
9,531.59,301.64,229.95,86692487,20,0.02,2417
10,533.90,301.05,232.85,87074817,20,0.02,2417
11,531.36,301.56,229.80,86669831,236,0.23,2417
12,543.78,301.62,242.16,88657733,0,0.00,2417
13,534.11,303.73,230.38,87109123,0,0.00,2417
14,533.22,302.08,231.14,86966877,0,0.00,2417
15,539.81,303.53,236.29,88022067,0,0.00,2417
16,579.47,302.89,276.59,94366203,0,0.00,2417
17,536.11,303.82,232.29,87429625,0,0.00,2417
18,532.88,302.86,230.01,86912331,0,0.00,2417
19,537.05,303.34,233.71,87579851,0,0.00,2417
20,531.73,301.78,229.95,86727999,0,0.00,2417
21,531.73,302.59,229.14,86728883,0,0.00,2417
22,535.62,302.39,233.23,87351991,0,0.00,2417
23,547.75,302.52,245.23,89291943,0,0.00,2417
24,530.65,302.43,228.22,86555607,0,0.00,2417
25,815.52,302.57,512.95,132134227,0,0.00,2417
26,807.85,302.34,505.52,130907581,0,0.00,2417
27,569.16,301.89,267.27,92716717,4,0.00,2417
28,531.96,301.95,230.00,86765311,0,0.00,2417
29,538.82,301.83,236.99,87862109,0,0.00,2417
30,529.95,302.15,227.80,86443067,0,0.00,2417
31,530.89,303.01,227.87,86593023,0,0.00,2417
32,529.10,300.80,228.30,86307025,8,0.01,2417
33,531.75,302.24,229.51,86732569,0,0.00,2417
34,540.27,300.00,240.26,88100759,0,0.00,2417
35,529.73,302.14,227.59,86407973,0,0.00,2417
36,531.30,301.86,229.43,86659333,8,0.01,2417
37,530.77,303.07,227.70,86574371,0,0.00,2417
38,530.68,302.66,228.02,86561385,8,0.01,2417
39,540.12,301.96,238.16,88070869,0,0.00,2417
40,534.24,302.37,231.87,87130207,0,0.00,2417
41,536.15,303.71,232.44,87435617,0,0.00,2417
42,528.99,302.53,226.46,86290565,0,0.00,2417
43,538.06,303.17,234.89,87741705,8,0.01,2417
44,533.85,301.40,232.44,87067617,0,0.00,2417
45,526.46,301.48,224.98,85884695,0,0.00,2417
46,532.39,299.97,232.42,86834693,8,0.01,2417
47,532.25,301.39,230.85,86811559,0,0.00,2417
48,536.61,303.27,233.34,87510063,0,0.00,2417
49,537.44,302.40,235.04,87642183,0,0.00,2417
50,532.65,301.19,231.46,86876201,0,0.00,2417
51,528.33,298.83,229.51,86184733,0,0.00,2417
52,526.66,301.24,225.41,85916377,0,0.00,2417
53,538.57,302.26,236.31,87824251,0,0.00,2417
54,530.25,302.04,228.21,86491593,0,0.00,2417
55,534.37,301.78,232.59,87152777,0,0.00,2417
56,533.39,301.07,232.32,86995345,0,0.00,2417
57,995.24,301.63,693.61,160891281,8,0.01,2417
58,528.91,300.67,228.25,86278025,0,0.00,2417
59,532.10,303.29,228.81,86787195,0,0.00,2417
60,534.56,302.37,232.19,87181541,0,0.00,2417
61,1350.11,302.40,1047.71,217669441,0,0.00,2417
62,1699.20,302.62,1396.57,273523513,324,0.32,2417
63,655.24,303.99,351.25,106489521,328,0.32,2417
64,1989.39,302.08,1687.31,319954713,0,0.00,2417
65,528.46,301.59,226.87,86204683,0,0.00,2417
66,875.62,301.29,574.33,141751979,0,0.00,2417
67,527.81,302.27,225.54,86101639,0,0.00,2417
68,540.50,303.69,236.81,88132525,332,0.32,2417
69,571.12,300.81,270.32,93031825,12,0.01,2417
70,569.51,302.19,267.32,92772947,0,0.00,2417
71,535.58,303.38,232.20,87346123,4,0.00,2417
72,533.41,302.34,231.06,86996963,0,0.00,2417
73,536.22,303.10,233.12,87446561,0,0.00,2417
74,537.32,302.59,234.74,87623743,0,0.00,2417
75,796.76,300.60,496.16,129133371,0,0.00,2417
76,525.66,302.80,222.85,85756999,0,0.00,2417
77,565.33,303.84,261.49,92104305,0,0.00,2417
78,531.94,302.79,229.15,86761173,0,0.00,2417
79,533.07,301.04,232.04,86943217,0,0.00,2417
80,535.07,301.56,233.51,87262655,0,0.00,2417
81,713.77,302.03,411.74,115855061,0,0.00,2417
82,671.66,301.11,370.55,109116371,0,0.00,2417
83,545.13,300.69,244.43,88872041,0,0.00,2417
84,529.88,302.06,227.83,86433273,0,0.00,2417
85,544.34,302.76,241.59,88753797,0,0.00,2417
86,536.63,303.71,232.92,87513385,0,0.00,2417
87,530.81,302.29,228.53,86580971,0,0.00,2417
88,526.23,301.73,224.50,85849545,0,0.00,2417
89,572.55,303.45,269.10,93259447,0,0.00,2417
90,579.75,303.23,276.52,94412557,0,0.00,2417
91,539.15,304.10,235.04,87915165,0,0.00,2417
92,527.48,301.26,226.21,86048561,0,0.00,2417
93,1205.05,300.95,904.11,194460843,0,0.00,2417
94,535.34,302.13,233.21,87305519,0,0.00,2417
95,1548.99,302.60,1246.39,249490401,332,0.32,2417
96,528.94,302.82,226.12,86281581,0,0.00,2417
97,773.58,304.20,469.39,125425483,0,0.00,2417
98,1053.57,303.45,750.12,170221533,0,0.00,2417
99,527.23,300.75,226.48,86007715,0,0.00,2417
100,527.36,302.52,224.84,86030339,0,0.00,2417
